[{ "id": 8, "name": "Robert Dwney", "date": "2015-07-30", "email": "spencer@tracy" }, { "id": 9, "name": "Mila Kunis", "date": "2021-09-04", "email": "mila@kunis.com" }, { "id": 11, "name": "Ryan Gossling", "date": "2021-09-27", "email": "jack@nicholson" }, { "id": 12, "name": "Robert Dwney", "date": "2021-09-24", "email": "spencer@tracy" }, { "id": 13, "name": "Muhammad Asif", "date": "2021-09-01", "email": "asif.nayani@gascoengineering.com.pk" }, { "id": 13, "name": "Mehak Shujaat ", "date": "2021-10-06", "email": "syedamehak8@gmail.com" }]